data_rod,data_prev,dia_prev,sem_prev,tsfc,magv,ur2m,Tx_Mod,Tx_Obs,P90cl_Tx_Mod,P90cl_Tx_Obs,Cl_Tx_Mod,Cl_Tx_Obs,OC_Mod_Candid,IOC_Mod,OC_Obs_Candid,IOC_Obs
20130915,20131101,47,7,28.011566,3.6947074,78.02136,28.222565,24.562286,33.41830444,29.93807983,28.47231236,26.20187118,0,0,0,0
20130915,20131102,48,7,28.026215,4.490689,74.805176,29.217041,26.264679,31.44448853,29.56668091,27.38147255,25.98157818,0,0,0,0
20130915,20131103,49,7,29.848938,4.164484,65.473564,32.218964,28.782013,31.84182739,31.04577637,26.85572955,27.94621118,1,0,0,0
20130915,20131104,50,8,29.731323,4.568138,59.287262,31.142212,28.169525,31.14221191,31.09802246,27.26936764,26.66333291,1,0,0,0
20130915,20131105,51,8,25.528168,2.0036728,84.45587,25.301208,24.192108,30.55636597,29.25061035,27.501759,25.876032,0,0,0,0
20130915,20131106,52,8,26.582916,3.4442763,85.714325,27.728058,21.761505,29.30450439,26.00964355,27.69604464,24.47526136,0,0,0,0
20130915,20131107,53,8,27.621521,3.0108552,76.98237,31.014496,21.84848,30.82644653,27.49679565,27.43131055,25.09972018,1,0,0,0
20130915,20131108,54,8,29.060242,2.358766,69.14165,30.404022,24.360962,31.51754761,28.68063354,26.960616,25.79644518,0,0,0,0
20130915,20131109,55,8,28.483063,2.5384111,74.88956,28.083923,26.110504,30.35250854,29.55285645,27.06216145,26.58706927,0,0,0,0
20130915,20131110,56,8,26.735382,2.9495254,79.622955,26.44284,27.28186,30.67996216,30.86642456,26.78338609,27.47243709,0,0,0,0
20130915,20131111,57,9,27.857025,2.4095874,76.0563,30.114044,31.951813,30.06637573,31.76419067,26.65807809,27.67608909,1,0,1,0
20130915,20131112,58,9,26.649292,4.3848777,70.15645,30.177185,35.891388,30.17718506,33.84359741,27.58699736,28.01749773,0,0,1,0
20130915,20131113,59,9,23.794098,3.7825983,85.74421,22.346497,26.78299,28.76901245,30.99169922,26.02601209,27.14295827,0,0,0,0
20140915,20141101,47,7,23.27652,3.9418426,75.02622,24.201843,31.741516,33.41830444,29.93807983,28.47231236,26.20187118,0,0,1,0
20140915,20141102,48,7,23.55423,4.205102,76.49206,24.931427,29.56668,31.44448853,29.56668091,27.38147255,25.98157818,0,0,0,0
20140915,20141103,49,7,25.911346,4.1257324,72.30647,27.659912,29.85736,31.84182739,31.04577637,26.85572955,27.94621118,0,0,0,0
20140915,20141104,50,8,26.519867,5.2620106,70.42339,27.933136,31.098022,31.14221191,31.09802246,27.26936764,26.66333291,0,0,0,1
20140915,20141105,51,8,26.036072,5.5245914,77.43031,26.684235,29.25061,30.55636597,29.25061035,27.501759,25.876032,0,0,0,1
20140915,20141106,52,8,25.927063,5.567305,81.775826,25.570496,26.553436,29.30450439,26.00964355,27.69604464,24.47526136,0,0,1,1
20140915,20141107,53,8,21.819122,4.509186,86.459984,21.667877,31.175201,30.82644653,27.49679565,27.43131055,25.09972018,0,0,1,1
20140915,20141108,54,8,23.588257,4.812606,85.148964,23.5914,30.069092,31.51754761,28.68063354,26.960616,25.79644518,0,0,1,1
20140915,20141109,55,8,25.042084,4.7282753,79.06116,25.122253,25.113739,30.35250854,29.55285645,27.06216145,26.58706927,0,0,0,0
20140915,20141110,56,8,24.943298,3.8854687,77.27763,25.454926,26.110413,30.67996216,30.86642456,26.78338609,27.47243709,0,0,0,0
20140915,20141111,57,9,24.944946,4.0334535,77.40244,25.32611,26.46817,30.06637573,31.76419067,26.65807809,27.67608909,0,0,0,0
20140915,20141112,58,9,24.975769,4.2799964,75.61962,25.498505,29.302826,30.17718506,33.84359741,27.58699736,28.01749773,0,0,0,0
20140915,20141113,59,9,25.923767,4.487297,72.807594,27.324402,30.9917,28.76901245,30.99169922,26.02601209,27.14295827,0,0,1,0
20141015,20141101,17,3,31.701508,3.1593628,68.95527,33.23471,31.741516,33.47324219,29.93807983,29.9500465,26.20187118,0,0,1,0
20141015,20141102,18,3,33.13272,4.466681,54.522167,32.700653,29.56668,31.72999268,29.56668091,28.44996638,25.98157818,1,0,0,0
20141015,20141103,19,3,31.697876,3.2025506,66.21151,28.212128,29.85736,29.47561035,31.04577637,26.47648625,27.94621118,0,0,0,0
20141015,20141104,20,3,27.032349,3.403641,75.34966,26.30252,31.098022,28.64291992,31.09802246,25.7095105,26.66333291,0,0,0,1
20141015,20141105,21,3,25.787079,3.5055807,83.591095,24.397827,29.25061,29.1122406,29.25061035,25.87327588,25.876032,0,0,0,1
20141015,20141106,22,4,29.192719,4.404924,67.30709,33.464935,26.553436,34.33540955,26.00964355,28.21619412,24.47526136,0,0,1,1
20141015,20141107,23,4,26.082214,4.5070467,81.15012,24.124176,31.175201,32.31129761,27.49679565,27.186489,25.09972018,0,0,1,1
20141015,20141108,24,4,26.300781,3.483174,80.29022,24.021149,30.069092,30.50455627,28.68063354,27.16895312,25.79644518,0,0,1,1
20141015,20141109,25,4,24.243164,4.2077174,82.31174,22.876007,25.113739,30.70879517,29.55285645,27.29484913,26.58706927,0,0,0,0
20141015,20141110,26,4,23.91214,4.640131,89.5779,22.493317,26.110413,30.47737122,30.86642456,26.92184825,27.47243709,0,0,0,0
20141015,20141111,27,4,24.193298,4.287554,89.925514,22.883331,26.46817,29.84162598,31.76419067,26.32362738,27.67608909,0,0,0,0
20141015,20141112,28,4,26.936798,3.106468,83.15042,26.921967,29.302826,30.10089111,33.84359741,26.70909138,28.01749773,0,0,0,0
20141015,20141113,29,5,24.915497,3.3215015,86.536,23.784668,30.9917,29.85751343,30.99169922,26.62516,27.14295827,0,0,1,0
20141015,20141114,30,5,25.639404,4.03717,87.52181,25.186432,24.565613,31.11983337,32.62368774,26.59750375,28.76029975,0,0,0,0
20141015,20141115,31,5,25.57669,3.7092545,87.78182,24.43393,22.27182,30.093927,30.92581177,26.3094215,28.09907138,0,0,0,0
20141015,20141116,32,5,27.388123,2.8281386,81.65719,27.923615,24.52121,32.85397949,33.84396362,28.61454388,27.32657625,0,0,0,0
20141015,20141117,33,5,27.760223,2.8860831,78.717186,27.403015,24.773315,31.40658569,30.40292358,27.80569438,27.47973625,0,0,0,0
20141015,20141118,34,5,29.391388,2.6468804,77.05184,29.074066,25.779236,31.21523438,32.42886353,28.33895462,28.4647365,0,0,0,0
20141015,20141119,35,5,28.756134,3.0716894,83.77554,27.776215,27.976166,31.21745605,30.48513794,28.17867688,27.13125988,0,0,0,0
20141015,20141120,36,6,28.47055,3.6427298,82.23913,27.28592,28.985687,30.502005,30.51504517,28.6385575,25.60397338,0,0,0,0
20141015,20141121,37,6,28.532684,4.8721914,75.79355,28.586395,30.412079,29.38522949,30.41207886,27.1441345,26.52687462,0,0,1,0
20141015,20141122,38,6,28.2966,4.1677623,69.54934,29.649384,32.477936,31.8216217,32.47793579,27.51642613,28.77042763,0,0,1,0
20141015,20141123,39,6,29.901123,3.8197825,64.12925,31.963898,26.24759,32.28057861,30.41775513,28.1129265,28.22220238,0,0,0,0
20141015,20141124,40,6,30.3479,3.1984189,70.703316,29.459991,26.469696,31.33323975,26.79980469,27.896038,26.09531388,0,0,0,0
20141015,20141125,41,6,30.222015,3.5957508,81.16923,28.011902,29.504913,29.71567383,29.0345459,27.71562575,26.60503763,0,0,1,0
20141015,20141126,42,6,29.477142,3.729756,77.27625,28.021393,29.98764,28.50792236,29.98764038,27.02611538,27.40629575,0,0,0,0
20141015,20141127,43,7,30.449585,3.8996754,73.7547,29.814392,26.208862,31.32160034,29.71011353,28.79787838,27.59073662,0,0,0,0
20141015,20141128,44,7,31.997528,3.6954887,69.17187,31.263458,25.448944,31.45725708,30.43435669,27.96411125,27.4193805,0,0,0,0
20141015,20141129,45,7,32.21399,3.3718634,65.640366,32.128906,25.605194,32.74563293,30.60830688,29.16739638,28.06380088,0,0,0,0
20141015,20141130,46,7,32.379242,2.489283,66.71795,31.624298,25.833984,31.71116028,30.54122925,30.14960863,27.89451225,0,0,0,0
20150915,20151101,47,7,25.443146,1.5945609,83.88416,25.536774,28.174255,33.41830444,29.93807983,28.47231236,26.20187118,0,0,0,0
20150915,20151102,48,7,26.496124,2.3866317,83.92351,27.684204,25.956085,31.44448853,29.56668091,27.38147255,25.98157818,0,0,0,0
20150915,20151103,49,7,27.521057,3.3009734,78.33042,28.350983,27.223785,31.84182739,31.04577637,26.85572955,27.94621118,0,0,0,0
20150915,20151104,50,8,28.20813,2.732789,78.02517,28.985687,27.988007,31.14221191,31.09802246,27.26936764,26.66333291,0,0,0,0
20150915,20151105,51,8,27.777374,1.7452801,82.88765,27.649109,26.64328,30.55636597,29.25061035,27.501759,25.876032,0,0,0,0
20150915,20151106,52,8,27.919952,2.059035,84.23262,27.74179,26.009644,29.30450439,26.00964355,27.69604464,24.47526136,0,0,1,0
20150915,20151107,53,8,26.714203,3.300528,84.45645,26.144684,24.75418,30.82644653,27.49679565,27.43131055,25.09972018,0,0,0,0
20150915,20151108,54,8,23.679413,4.9683642,89.26208,24.007965,26.12088,31.51754761,28.68063354,26.960616,25.79644518,0,0,0,0
20150915,20151109,55,8,22.252228,4.963038,93.27488,22.256317,26.978302,30.35250854,29.55285645,27.06216145,26.58706927,0,0,0,0
20150915,20151110,56,8,22.18219,3.9338958,89.89713,22.793304,28.976654,30.67996216,30.86642456,26.78338609,27.47243709,0,0,0,0
20150915,20151111,57,9,23.616272,4.058118,80.95929,24.969025,30.143707,30.06637573,31.76419067,26.65807809,27.67608909,0,0,0,0
20150915,20151112,58,9,24.09439,3.0870996,83.83981,25.300323,27.389618,30.17718506,33.84359741,27.58699736,28.01749773,0,0,0,0
20150915,20151113,59,9,25.849548,2.0364993,87.46525,25.82785,27.541595,28.76901245,30.99169922,26.02601209,27.14295827,0,0,0,0
20151015,20151101,17,3,31.086212,3.605585,54.801586,34.029816,28.174255,33.47324219,29.93807983,29.9500465,26.20187118,1,0,0,0
20151015,20151102,18,3,29.75824,5.3130937,64.2722,29.152954,25.956085,31.72999268,29.56668091,28.44996638,25.98157818,0,0,0,0
20151015,20151103,19,3,25.728516,1.7829779,85.4214,24.57489,27.223785,29.47561035,31.04577637,26.47648625,27.94621118,0,0,0,0
20151015,20151104,20,3,24.98758,2.7186933,87.52034,23.155792,27.988007,28.64291992,31.09802246,25.7095105,26.66333291,0,0,0,0
20151015,20151105,21,3,25.51233,2.2828634,84.81257,25.197418,26.64328,29.1122406,29.25061035,25.87327588,25.876032,0,0,0,0
20151015,20151106,22,4,27.83725,3.3004894,82.32582,26.957733,26.009644,34.33540955,26.00964355,28.21619412,24.47526136,0,0,1,0
20151015,20151107,23,4,25.165375,1.9602787,84.565956,23.879333,24.75418,32.31129761,27.49679565,27.186489,25.09972018,0,0,0,0
20151015,20151108,24,4,27.448547,2.925357,79.0683,28.711609,26.12088,30.50455627,28.68063354,27.16895312,25.79644518,0,0,0,0
20151015,20151109,25,4,28.9068,1.9854345,73.799385,29.846588,26.978302,30.70879517,29.55285645,27.29484913,26.58706927,0,0,0,0
20151015,20151110,26,4,28.432617,3.276044,61.554176,33.12619,28.976654,30.47737122,30.86642456,26.92184825,27.47243709,1,0,0,0
20151015,20151111,27,4,27.624786,3.054028,75.24524,29.990692,30.143707,29.84162598,31.76419067,26.32362738,27.67608909,1,0,0,0
20151015,20151112,28,4,24.130493,4.008105,90.12304,22.321655,27.389618,30.10089111,33.84359741,26.70909138,28.01749773,0,0,0,0
20151015,20151113,29,5,23.645538,4.8738704,85.60736,22.553436,27.541595,29.85751343,30.99169922,26.62516,27.14295827,0,0,0,0
20151015,20151114,30,5,23.969757,4.1274934,87.35216,22.74527,32.623688,31.11983337,32.62368774,26.59750375,28.76029975,0,0,1,0
20151015,20151115,31,5,26.134155,4.1503024,83.03323,25.41159,27.451935,30.093927,30.92581177,26.3094215,28.09907138,0,0,0,0
20151015,20151116,32,5,25.479584,5.4470406,84.39586,25.1875,24.940186,32.85397949,33.84396362,28.61454388,27.32657625,0,0,0,0
20151015,20151117,33,5,24.273865,5.1584673,85.60192,23.231506,26.161652,31.40658569,30.40292358,27.80569438,27.47973625,0,0,0,0
20151015,20151118,34,5,26.134735,4.5532994,86.03179,24.791473,29.358368,31.21523438,32.42886353,28.33895462,28.4647365,0,0,0,0
20151015,20151119,35,5,26.397614,3.1106532,84.86801,24.761444,31.466461,31.21745605,30.48513794,28.17867688,27.13125988,0,0,1,0
20151015,20151120,36,6,28.308594,2.7215676,81.421196,28.426117,31.093262,30.502005,30.51504517,28.6385575,25.60397338,0,0,1,0
20151015,20151121,37,6,27.849518,3.3849812,70.217255,28.833588,25.89447,29.38522949,30.41207886,27.1441345,26.52687462,0,0,0,0
20151015,20151122,38,6,26.718597,2.5244682,83.74307,25.892578,26.56546,31.8216217,32.47793579,27.51642613,28.77042763,0,0,0,0
20151015,20151123,39,6,28.713837,2.4885123,79.13535,29.406097,24.044037,32.28057861,30.41775513,28.1129265,28.22220238,0,0,0,0
20151015,20151124,40,6,29.368866,3.1235342,68.48528,31.315094,26.297577,31.33323975,26.79980469,27.896038,26.09531388,0,0,0,0
20151015,20151125,41,6,28.092133,2.2208958,72.01203,28.163055,25.885406,29.71567383,29.0345459,27.71562575,26.60503763,0,0,0,0
20151015,20151126,42,6,29.38974,1.5957572,76.073906,29.643158,26.928497,28.50792236,29.98764038,27.02611538,27.40629575,1,0,0,0
20151015,20151127,43,7,30.779144,1.9139063,67.54806,31.686127,25.864502,31.32160034,29.71011353,28.79787838,27.59073662,1,0,0,0
20151015,20151128,44,7,25.578949,2.0263045,88.86072,23.858032,30.39264,31.45725708,30.43435669,27.96411125,27.4193805,0,0,0,0
20151015,20151129,45,7,25.51715,3.3882775,81.99695,26.526917,28.77359,32.74563293,30.60830688,29.16739638,28.06380088,0,0,0,0
20151015,20151130,46,7,29.081055,3.513398,69.03853,29.776031,24.453888,31.71116028,30.54122925,30.14960863,27.89451225,0,0,0,0
20160915,20161101,47,7,27.413147,3.271828,79.52752,28.420319,29.93808,33.41830444,29.93807983,28.47231236,26.20187118,0,0,1,0
20160915,20161102,48,7,23.97229,2.1279058,91.11167,23.624176,31.973846,31.44448853,29.56668091,27.38147255,25.98157818,0,0,1,0
20160915,20161103,49,7,22.732422,2.0522354,89.60481,22.586182,30.178223,31.84182739,31.04577637,26.85572955,27.94621118,0,0,0,0
20160915,20161104,50,8,24.7117,2.9120882,83.21133,27.635773,23.189728,31.14221191,31.09802246,27.26936764,26.66333291,0,0,0,0
20160915,20161105,51,8,28.169952,2.0385537,66.887146,31.614777,22.69159,30.55636597,29.25061035,27.501759,25.876032,1,0,0,0
20160915,20161106,52,8,22.9357,4.2814045,87.757545,27.598358,25.549896,29.30450439,26.00964355,27.69604464,24.47526136,0,0,0,0
20160915,20161107,53,8,23.402344,2.9392114,72.403915,23.988678,27.496796,30.82644653,27.49679565,27.43131055,25.09972018,0,0,1,0
20160915,20161108,54,8,22.890442,2.922235,71.94993,24.918549,28.13089,31.51754761,28.68063354,26.960616,25.79644518,0,0,0,0
20160915,20161109,55,8,24.124146,4.1423006,72.98378,27.292877,29.552856,30.35250854,29.55285645,27.06216145,26.58706927,0,0,0,0
20160915,20161110,56,8,25.943573,3.722071,66.123184,30.679962,31.878326,30.67996216,30.86642456,26.78338609,27.47243709,0,0,1,0
20160915,20161111,57,9,26.147095,3.1872432,86.89879,25.76361,28.520721,30.06637573,31.76419067,26.65807809,27.67608909,0,0,0,0
20160915,20161112,58,9,26.469482,2.3615994,83.22125,28.941376,25.611237,30.17718506,33.84359741,27.58699736,28.01749773,0,0,0,0
20160915,20161113,59,9,28.523438,2.9330208,58.3253,33.935028,23.115784,28.76901245,30.99169922,26.02601209,27.14295827,1,1,0,0
20170915,20171101,47,7,29.28714,4.505127,53.525116,32.57016,23.9693,33.41830444,29.93807983,28.47231236,26.20187118,0,0,0,0
20170915,20171102,48,7,29.358063,3.8160615,54.494446,30.21109,25.197662,31.44448853,29.56668091,27.38147255,25.98157818,0,0,0,0
20170915,20171103,49,7,29.160736,3.3551688,80.36239,27.82138,29.045563,31.84182739,31.04577637,26.85572955,27.94621118,0,0,0,0
20170915,20171104,50,8,27.437836,3.1213677,79.94959,27.738556,32.060486,31.14221191,31.09802246,27.26936764,26.66333291,0,0,1,0
20170915,20171105,51,8,27.493073,2.2971442,79.73941,28.187836,27.937439,30.55636597,29.25061035,27.501759,25.876032,0,0,0,0
20170915,20171106,52,8,28.000153,3.1648347,73.89459,29.304504,23.095367,29.30450439,26.00964355,27.69604464,24.47526136,0,0,0,0
20170915,20171107,53,8,28.320038,3.9054608,74.958824,29.330963,23.85199,30.82644653,27.49679565,27.43131055,25.09972018,0,0,0,0
20170915,20171108,54,8,28.612274,3.6770256,76.6365,29.286652,25.66211,31.51754761,28.68063354,26.960616,25.79644518,0,0,0,0
20170915,20171109,55,8,28.81601,4.469534,74.197845,29.893158,27.28775,30.35250854,29.55285645,27.06216145,26.58706927,0,0,0,0
20170915,20171110,56,8,28.94638,4.540924,73.489136,29.426727,30.866425,30.67996216,30.86642456,26.78338609,27.47243709,0,0,1,0
20170915,20171111,57,9,27.95337,4.7881813,74.800316,28.341095,27.395111,30.06637573,31.76419067,26.65807809,27.67608909,0,0,0,0
20170915,20171112,58,9,27.516632,4.3913207,76.88383,27.994232,29.170258,30.17718506,33.84359741,27.58699736,28.01749773,0,0,0,0
20170915,20171113,59,9,27.880554,4.2380095,72.46676,28.421112,26.999847,28.76901245,30.99169922,26.02601209,27.14295827,0,0,0,0
20180915,20181101,47,7,23.30545,3.6500797,87.679214,23.549713,28.373383,33.41830444,29.93807983,28.47231236,26.20187118,0,0,0,0
20180915,20181102,48,7,24.384186,4.3030033,87.49086,24.590332,25.472137,31.44448853,29.56668091,27.38147255,25.98157818,0,0,0,0
20180915,20181103,49,7,24.956451,4.753906,81.253426,26.559296,31.55899,31.84182739,31.04577637,26.85572955,27.94621118,0,0,1,0
20180915,20181104,50,8,24.151642,3.5513058,86.49223,25.84906,26.017975,31.14221191,31.09802246,27.26936764,26.66333291,0,0,0,0
20180915,20181105,51,8,25.262146,3.1471086,84.57761,27.102936,22.953918,30.55636597,29.25061035,27.501759,25.876032,0,0,0,0
20180915,20181106,52,8,27.376343,2.544814,83.423706,28.7471,24.562775,29.30450439,26.00964355,27.69604464,24.47526136,0,0,0,0
20180915,20181107,53,8,27.478638,3.5586448,74.07769,29.72586,26.355377,30.82644653,27.49679565,27.43131055,25.09972018,0,0,0,0
20180915,20181108,54,8,24.350677,4.3985467,89.60254,23.643616,23.237122,31.51754761,28.68063354,26.960616,25.79644518,0,0,0,0
20180915,20181109,55,8,25.025116,2.9901736,82.94942,24.985382,23.265533,30.35250854,29.55285645,27.06216145,26.58706927,0,0,0,0
20180915,20181110,56,8,24.218933,3.2259436,82.00904,26.422241,26.717255,30.67996216,30.86642456,26.78338609,27.47243709,0,0,0,0
20180915,20181111,57,9,26.50763,1.68745,87.20685,26.39035,27.556885,30.06637573,31.76419067,26.65807809,27.67608909,0,0,0,0
20180915,20181112,58,9,24.905426,3.6872616,88.44441,25.530426,27.618866,30.17718506,33.84359741,27.58699736,28.01749773,0,0,0,0
20180915,20181113,59,9,23.401367,4.634054,86.66033,24.166473,29.539886,28.76901245,30.99169922,26.02601209,27.14295827,0,0,0,0
20181015,20181101,17,3,27.804443,2.3500133,76.20375,29.247528,28.373383,33.47324219,29.93807983,29.9500465,26.20187118,0,0,0,0
20181015,20181102,18,3,26.866882,2.931519,82.5431,26.042297,25.472137,31.72999268,29.56668091,28.44996638,25.98157818,0,0,0,0
20181015,20181103,19,3,23.679108,4.698166,83.529335,22.60556,31.55899,29.47561035,31.04577637,26.47648625,27.94621118,0,0,1,0
20181015,20181104,20,3,23.608276,4.4634514,78.397606,22.603363,26.017975,28.64291992,31.09802246,25.7095105,26.66333291,0,0,0,0
20181015,20181105,21,3,24.115631,3.822925,78.7424,24.352936,22.953918,29.1122406,29.25061035,25.87327588,25.876032,0,0,0,0
20181015,20181106,22,4,24.993347,5.5597615,80.44334,24.3396,24.562775,34.33540955,26.00964355,28.21619412,24.47526136,0,0,0,0
20181015,20181107,23,4,26.326538,5.7458572,83.826355,25.929382,26.355377,32.31129761,27.49679565,27.186489,25.09972018,0,0,0,0
20181015,20181108,24,4,25.00589,5.6362014,86.23878,24.99643,23.237122,30.50455627,28.68063354,27.16895312,25.79644518,0,0,0,0
20181015,20181109,25,4,26.760284,5.9156713,81.80765,26.182404,23.265533,30.70879517,29.55285645,27.29484913,26.58706927,0,0,0,0
20181015,20181110,26,4,25.443634,5.3699164,80.216934,25.1651,26.717255,30.47737122,30.86642456,26.92184825,27.47243709,0,0,0,0
20181015,20181111,27,4,24.358856,5.182662,85.144394,23.075592,27.556885,29.84162598,31.76419067,26.32362738,27.67608909,0,0,0,0
20181015,20181112,28,4,24.97345,6.197989,88.083694,23.87436,27.618866,30.10089111,33.84359741,26.70909138,28.01749773,0,0,0,0
20181015,20181113,29,5,25.067474,6.545471,87.33182,24.057983,29.539886,29.85751343,30.99169922,26.62516,27.14295827,0,0,0,0
20181015,20181114,30,5,24.769623,6.288843,84.99345,23.774902,31.881317,31.11983337,32.62368774,26.59750375,28.76029975,0,0,0,0
20181015,20181115,31,5,26.345276,5.9275393,82.435455,25.324951,30.925812,30.093927,30.92581177,26.3094215,28.09907138,0,0,1,0
20181015,20181116,32,5,26.923096,5.542465,81.84593,26.149231,25.37735,32.85397949,33.84396362,28.61454388,27.32657625,0,0,0,0
20181015,20181117,33,5,27.941986,5.8602633,81.56458,26.553558,25.842987,31.40658569,30.40292358,27.80569438,27.47973625,0,0,0,0
20181015,20181118,34,5,29.146362,6.1615787,79.23658,28.598572,32.4205,31.21523438,32.42886353,28.33895462,28.4647365,0,0,0,0
20181015,20181119,35,5,27.936981,5.8020463,80.95893,28.256256,27.993195,31.21745605,30.48513794,28.17867688,27.13125988,0,0,0,0
20181015,20181120,36,6,29.296387,3.7740612,72.89313,30.309845,21.803192,30.502005,30.51504517,28.6385575,25.60397338,0,0,0,0
20181015,20181121,37,6,26.761963,1.4522024,86.2952,26.031616,23.0914,29.38522949,30.41207886,27.1441345,26.52687462,0,0,0,0
20181015,20181122,38,6,27.177063,3.168799,74.40973,26.202545,29.045135,31.8216217,32.47793579,27.51642613,28.77042763,0,0,0,0
20181015,20181123,39,6,26.700623,2.5992901,80.90774,26.098358,30.417755,32.28057861,30.41775513,28.1129265,28.22220238,0,0,0,0
20181015,20181124,40,6,26.49057,2.9953585,82.0505,25.03357,28.871857,31.33323975,26.79980469,27.896038,26.09531388,0,0,1,0
20181015,20181125,41,6,28.001343,3.0464563,78.10018,28.433441,28.18924,29.71567383,29.0345459,27.71562575,26.60503763,0,0,0,0
20181015,20181126,42,6,27.628021,2.7140968,85.02523,26.154327,24.87143,28.50792236,29.98764038,27.02611538,27.40629575,0,0,0,0
20181015,20181127,43,7,29.658905,1.8436342,73.13356,31.165375,24.704987,31.32160034,29.71011353,28.79787838,27.59073662,0,0,0,0
20181015,20181128,44,7,30.255615,2.7735815,67.520386,31.909454,26.664948,31.45725708,30.43435669,27.96411125,27.4193805,1,1,0,0
20181015,20181129,45,7,31.740845,2.4606452,64.84778,34.18466,28.419128,32.74563293,30.60830688,29.16739638,28.06380088,1,1,0,0
20181015,20181130,46,7,29.509186,4.659575,67.758026,31.734894,29.696991,31.71116028,30.54122925,30.14960863,27.89451225,1,1,0,0
20190915,20191101,47,7,26.529816,5.9638405,79.87854,26.681244,27.530396,33.41830444,29.93807983,28.47231236,26.20187118,0,0,0,0
20190915,20191102,48,7,24.606293,4.915442,85.16916,24.617096,28.183563,31.44448853,29.56668091,27.38147255,25.98157818,0,0,0,0
20190915,20191103,49,7,25.932251,4.926773,79.59892,26.20816,31.045776,31.84182739,31.04577637,26.85572955,27.94621118,0,0,0,0
20190915,20191104,50,8,25.855286,5.3169746,81.58083,25.614197,29.22519,31.14221191,31.09802246,27.26936764,26.66333291,0,0,0,0
20190915,20191105,51,8,26.526459,5.2662373,81.82999,26.306976,34.5018,30.55636597,29.25061035,27.501759,25.876032,0,0,1,0
20190915,20191106,52,8,26.848114,4.9714055,80.135605,26.845428,25.621246,29.30450439,26.00964355,27.69604464,24.47526136,0,0,0,0
20190915,20191107,53,8,27.094025,4.918308,80.4352,26.931244,25.236694,30.82644653,27.49679565,27.43131055,25.09972018,0,0,0,0
20190915,20191108,54,8,26.734283,4.6022367,78.755486,26.9805,26.227173,31.51754761,28.68063354,26.960616,25.79644518,0,0,0,0
20190915,20191109,55,8,25.636475,4.1491027,80.98873,26.170868,25.837769,30.35250854,29.55285645,27.06216145,26.58706927,0,0,0,0
20190915,20191110,56,8,26.580933,5.2031226,80.21257,26.206696,26.819794,30.67996216,30.86642456,26.78338609,27.47243709,0,0,0,0
20190915,20191111,57,9,26.02478,4.7193804,76.230606,25.760803,25.260773,30.06637573,31.76419067,26.65807809,27.67608909,0,0,0,0
20190915,20191112,58,9,25.046997,4.1495895,81.497635,25.444916,23.94101,30.17718506,33.84359741,27.58699736,28.01749773,0,0,0,0
20190915,20191113,59,9,25.650696,4.875336,82.28734,24.630035,25.359589,28.76901245,30.99169922,26.02601209,27.14295827,0,0,0,0
20191015,20191101,17,3,28.403809,4.101418,79.96762,29.796814,27.530396,33.47324219,29.93807983,29.9500465,26.20187118,0,0,0,0
20191015,20191102,18,3,25.930267,4.287303,83.74201,26.066742,28.183563,31.72999268,29.56668091,28.44996638,25.98157818,0,0,0,0
20191015,20191103,19,3,24.914307,3.4714684,68.280975,25.244202,31.045776,29.47561035,31.04577637,26.47648625,27.94621118,0,0,0,0
20191015,20191104,20,3,24.364716,4.642573,70.414024,25.659271,29.22519,28.64291992,31.09802246,25.7095105,26.66333291,0,0,0,0
20191015,20191105,21,3,28.922058,2.7366133,75.956116,29.03064,34.5018,29.1122406,29.25061035,25.87327588,25.876032,0,0,1,0
20191015,20191106,22,4,29.224579,2.6896389,74.01276,28.366913,25.621246,34.33540955,26.00964355,28.21619412,24.47526136,0,0,0,0
20191015,20191107,23,4,29.082764,3.0891306,78.031006,28.606567,25.236694,32.31129761,27.49679565,27.186489,25.09972018,0,0,0,0
20191015,20191108,24,4,32.246674,2.7591782,76.035065,32.870667,26.227173,30.50455627,28.68063354,27.16895312,25.79644518,1,0,0,0
20191015,20191109,25,4,31.13443,3.0385206,81.51212,29.428772,25.837769,30.70879517,29.55285645,27.29484913,26.58706927,0,0,0,0
20191015,20191110,26,4,31.10199,3.3169641,79.47726,29.342163,26.819794,30.47737122,30.86642456,26.92184825,27.47243709,0,0,0,0
20191015,20191111,27,4,29.299774,5.894289,79.37192,27.7966,25.260773,29.84162598,31.76419067,26.32362738,27.67608909,0,0,0,0
20191015,20191112,28,4,28.283325,5.4195924,80.05061,28.97287,23.94101,30.10089111,33.84359741,26.70909138,28.01749773,0,0,0,0
20191015,20191113,29,5,29.477783,3.3719957,75.8431,28.99179,25.359589,29.85751343,30.99169922,26.62516,27.14295827,0,0,0,0
20191015,20191114,30,5,29.470978,4.6914783,83.808365,26.519379,24.978302,31.11983337,32.62368774,26.59750375,28.76029975,0,0,0,0
20191015,20191115,31,5,28.469269,2.8015015,81.23495,26.921661,26.362823,30.093927,30.92581177,26.3094215,28.09907138,0,0,0,0
20191015,20191116,32,5,29.015198,3.4698138,75.54121,31.84024,24.993622,32.85397949,33.84396362,28.61454388,27.32657625,0,0,0,0
20191015,20191117,33,5,29.72522,3.154296,66.59653,32.348663,24.501678,31.40658569,30.40292358,27.80569438,27.47973625,1,0,0,0
20191015,20191118,34,5,32.309265,2.6735039,64.98451,32.08737,23.654388,31.21523438,32.42886353,28.33895462,28.4647365,1,0,0,0
20191015,20191119,35,5,31.514069,4.0350432,74.52291,30.676178,23.753143,31.21745605,30.48513794,28.17867688,27.13125988,0,0,0,0
20191015,20191120,36,6,30.341217,5.201339,79.99072,28.507385,24.066772,30.502005,30.51504517,28.6385575,25.60397338,0,0,0,0
20191015,20191121,37,6,30.062958,3.8755445,70.62454,30.672394,26.865509,29.38522949,30.41207886,27.1441345,26.52687462,1,0,0,0
20191015,20191122,38,6,31.29544,3.4034722,65.56676,31.576874,29.446838,31.8216217,32.47793579,27.51642613,28.77042763,0,0,0,0
20191015,20191123,39,6,26.195831,3.103673,86.04942,24.562775,29.050049,32.28057861,30.41775513,28.1129265,28.22220238,0,0,0,0
20191015,20191124,40,6,26.552704,3.486741,78.7019,25.19339,23.10971,31.33323975,26.79980469,27.896038,26.09531388,0,0,0,0
20191015,20191125,41,6,27.03421,3.1369417,71.32653,25.830536,23.817596,29.71567383,29.0345459,27.71562575,26.60503763,0,0,0,0
20191015,20191126,42,6,27.088287,4.403849,77.01147,26.080292,25.412445,28.50792236,29.98764038,27.02611538,27.40629575,0,0,0,0
20191015,20191127,43,7,27.725891,5.0859747,76.26872,27.106293,29.59964,31.32160034,29.71011353,28.79787838,27.59073662,0,0,0,0
20191015,20191128,44,7,25.42395,5.3697324,83.1116,24.341827,24.216461,31.45725708,30.43435669,27.96411125,27.4193805,0,0,0,0
20191015,20191129,45,7,29.100647,5.2479467,80.0542,28.298126,23.239288,32.74563293,30.60830688,29.16739638,28.06380088,0,0,0,0
20191015,20191130,46,7,29.72937,3.3830624,79.924126,29.142426,26.550812,31.71116028,30.54122925,30.14960863,27.89451225,0,0,0,0
20200915,20201101,47,7,26.430603,4.003168,81.036575,29.502106,21.717316,33.41830444,29.93807983,28.47231236,26.20187118,0,0,0,0
20200915,20201102,48,7,28.942535,3.0709696,71.66874,31.748566,22.48825,31.44448853,29.56668091,27.38147255,25.98157818,1,0,0,0
20200915,20201103,49,7,26.56842,2.4391994,85.17554,26.147919,23.742218,31.84182739,31.04577637,26.85572955,27.94621118,0,0,0,0
20200915,20201104,50,8,27.158783,2.6104429,86.582634,28.544891,23.550446,31.14221191,31.09802246,27.26936764,26.66333291,0,0,0,0
20200915,20201105,51,8,28.115265,3.0155427,77.84352,30.556366,22.862915,30.55636597,29.25061035,27.501759,25.876032,1,0,0,0
20200915,20201106,52,8,25.167389,3.5976596,84.08656,26.37796,23.396149,29.30450439,26.00964355,27.69604464,24.47526136,0,0,0,0
20200915,20201107,53,8,23.993164,4.259365,83.122955,23.246796,24.144684,30.82644653,27.49679565,27.43131055,25.09972018,0,0,0,0
20200915,20201108,54,8,20.627686,4.769126,90.27587,20.295319,24.799042,31.51754761,28.68063354,26.960616,25.79644518,0,0,0,0
20200915,20201109,55,8,20.528229,4.5429997,88.82911,20.376862,26.25888,30.35250854,29.55285645,27.06216145,26.58706927,0,0,0,0
20200915,20201110,56,8,22.431793,4.0367765,85.89298,22.813568,25.395477,30.67996216,30.86642456,26.78338609,27.47243709,0,0,0,0
20200915,20201111,57,9,23.74414,4.5091414,82.49367,23.170135,25.778656,30.06637573,31.76419067,26.65807809,27.67608909,0,0,0,0
20200915,20201112,58,9,23.815613,4.0910096,83.58988,23.96579,26.644989,30.17718506,33.84359741,27.58699736,28.01749773,0,0,0,0
20200915,20201113,59,9,21.828918,3.4565148,85.95685,22.851105,26.23117,28.76901245,30.99169922,26.02601209,27.14295827,0,0,0,0
20201015,20201101,17,3,29.25113,4.1428137,67.99802,31.25821,21.717316,33.47324219,29.93807983,29.9500465,26.20187118,0,0,0,0
20201015,20201102,18,3,29.575378,4.0191545,56.33584,31.313995,22.48825,31.72999268,29.56668091,28.44996638,25.98157818,0,0,0,0
20201015,20201103,19,3,30.25064,2.947541,59.703716,32.423737,23.742218,29.47561035,31.04577637,26.47648625,27.94621118,1,1,0,0
20201015,20201104,20,3,30.063416,2.9799724,73.66235,29.053802,23.550446,28.64291992,31.09802246,25.7095105,26.66333291,1,1,0,0
20201015,20201105,21,3,30.770569,3.0793622,78.15786,29.302643,22.862915,29.1122406,29.25061035,25.87327588,25.876032,1,1,0,0
20201015,20201106,22,4,33.021667,2.7191865,60.280468,36.366516,23.396149,34.33540955,26.00964355,28.21619412,24.47526136,1,1,0,0
20201015,20201107,23,4,31.377106,2.9864557,64.688416,31.771027,24.144684,32.31129761,27.49679565,27.186489,25.09972018,0,0,0,0
20201015,20201108,24,4,27.19223,2.4967773,82.43339,25.887268,24.799042,30.50455627,28.68063354,27.16895312,25.79644518,0,0,0,0
20201015,20201109,25,4,26.990814,2.4212792,85.30589,26.008728,26.25888,30.70879517,29.55285645,27.29484913,26.58706927,0,0,0,0
20201015,20201110,26,4,28.312561,3.1688485,84.78203,26.957306,25.395477,30.47737122,30.86642456,26.92184825,27.47243709,0,0,0,0
20201015,20201111,27,4,27.042511,4.354407,84.44923,25.837433,25.778656,29.84162598,31.76419067,26.32362738,27.67608909,0,0,0,0
20201015,20201112,28,4,27.01416,4.2531433,87.53563,26.16214,26.644989,30.10089111,33.84359741,26.70909138,28.01749773,0,0,0,0
20201015,20201113,29,5,28.96582,3.929703,83.15405,27.815704,26.23117,29.85751343,30.99169922,26.62516,27.14295827,0,0,0,0
20201015,20201114,30,5,27.381683,3.6411057,74.52069,28.551666,26.820526,31.11983337,32.62368774,26.59750375,28.76029975,0,0,0,0
20201015,20201115,31,5,25.831238,3.1352131,76.67239,26.604004,29.111633,30.093927,30.92581177,26.3094215,28.09907138,0,0,0,0
20201015,20201116,32,5,27.116241,3.0280452,75.41817,25.963684,29.799164,32.85397949,33.84396362,28.61454388,27.32657625,0,0,0,0
20201015,20201117,33,5,26.058167,2.9660141,73.0883,26.169647,28.290924,31.40658569,30.40292358,27.80569438,27.47973625,0,0,0,0
20201015,20201118,34,5,27.344055,3.3679605,75.71883,28.190887,24.616608,31.21523438,32.42886353,28.33895462,28.4647365,0,0,0,0
20201015,20201119,35,5,30.662262,3.4055626,72.148964,32.48044,25.29718,31.21745605,30.48513794,28.17867688,27.13125988,1,0,0,0
20201015,20201120,36,6,31.047363,3.743705,72.17726,30.950378,22.934906,30.502005,30.51504517,28.6385575,25.60397338,1,0,0,0
20201015,20201121,37,6,26.90445,1.9298254,84.32402,25.458527,24.52005,29.38522949,30.41207886,27.1441345,26.52687462,0,0,0,0
20201015,20201122,38,6,29.31134,2.8891103,73.82796,32.3927,24.8721,31.8216217,32.47793579,27.51642613,28.77042763,1,0,0,0
20201015,20201123,39,6,26.741028,4.8790507,83.75065,27.608795,25.848114,32.28057861,30.41775513,28.1129265,28.22220238,0,0,0,0
20201015,20201124,40,6,25.857513,4.094627,77.98195,23.463531,26.799805,31.33323975,26.79980469,27.896038,26.09531388,0,0,1,0
20201015,20201125,41,6,24.876038,2.4286962,66.93839,24.689758,27.468842,29.71567383,29.0345459,27.71562575,26.60503763,0,0,0,0
20201015,20201126,42,6,28.00119,4.498982,74.22801,27.509796,30.752289,28.50792236,29.98764038,27.02611538,27.40629575,0,0,1,0
20201015,20201127,43,7,29.03183,5.148402,74.6483,27.746918,29.710114,31.32160034,29.71011353,28.79787838,27.59073662,0,0,1,0
20201015,20201128,44,7,29.156677,5.447251,78.69407,28.404022,28.930634,31.45725708,30.43435669,27.96411125,27.4193805,0,0,0,0
20201015,20201129,45,7,27.874115,3.027906,74.64512,28.644287,30.608307,32.74563293,30.60830688,29.16739638,28.06380088,0,0,1,0
20201015,20201130,46,7,29.480042,4.0112815,64.35393,30.813538,30.822235,31.71116028,30.54122925,30.14960863,27.89451225,0,0,1,0
20210915,20211101,47,7,31.995026,2.416036,64.755,33.418304,21.977692,33.41830444,29.93807983,28.47231236,26.20187118,0,0,0,0
20210915,20211102,48,7,25.861359,4.0722485,77.7041,28.097961,24.361847,31.44448853,29.56668091,27.38147255,25.98157818,0,0,0,0
20210915,20211103,49,7,21.861298,4.9118767,86.181366,22.156952,24.343903,31.84182739,31.04577637,26.85572955,27.94621118,0,0,0,0
20210915,20211104,50,8,22.414825,2.9037325,78.898415,21.734558,24.305023,31.14221191,31.09802246,27.26936764,26.66333291,0,0,0,0
20210915,20211105,51,8,24.025574,3.0648754,69.50603,24.551392,25.002441,30.55636597,29.25061035,27.501759,25.876032,0,0,0,0
20210915,20211106,52,8,24.800262,3.7206464,75.48553,25.678253,24.445404,29.30450439,26.00964355,27.69604464,24.47526136,0,0,0,0
20210915,20211107,53,8,26.477783,3.9493914,78.60485,28.746521,24.66867,30.82644653,27.49679565,27.43131055,25.09972018,0,0,0,0
20210915,20211108,54,8,29.072754,2.9022322,71.45977,32.47574,24.866608,31.51754761,28.68063354,26.960616,25.79644518,1,0,0,0
20210915,20211109,55,8,30.197968,2.8344598,73.22377,28.98999,23.29129,30.35250854,29.55285645,27.06216145,26.58706927,0,0,0,0
20210915,20211110,56,8,26.046082,3.5097735,83.085335,27.739136,23.337433,30.67996216,30.86642456,26.78338609,27.47243709,0,0,0,0
20210915,20211111,57,9,27.654419,2.726319,79.45364,30.066376,22.871521,30.06637573,31.76419067,26.65807809,27.67608909,1,0,0,0
20210915,20211112,58,9,27.153687,4.5680666,76.48708,34.86435,21.201202,30.17718506,33.84359741,27.58699736,28.01749773,1,0,0,0
20210915,20211113,59,9,20.576569,5.7372913,83.14233,20.52353,21.803802,28.76901245,30.99169922,26.02601209,27.14295827,0,0,0,0
20211015,20211101,17,3,25.715363,1.9371014,78.90361,24.439575,21.977692,33.47324219,29.93807983,29.9500465,26.20187118,0,0,0,0
20211015,20211102,18,3,26.30545,2.306876,78.357414,25.921356,24.361847,31.72999268,29.56668091,28.44996638,25.98157818,0,0,0,0
20211015,20211103,19,3,25.90384,2.6677055,76.66826,25.270782,24.343903,29.47561035,31.04577637,26.47648625,27.94621118,0,0,0,0
20211015,20211104,20,3,25.26709,3.347826,78.64421,23.856842,24.305023,28.64291992,31.09802246,25.7095105,26.66333291,0,0,0,0
20211015,20211105,21,3,22.29419,3.5782568,85.30747,21.233704,25.002441,29.1122406,29.25061035,25.87327588,25.876032,0,0,0,0
20211015,20211106,22,4,22.113373,2.5747533,83.82089,22.077148,24.445404,34.33540955,26.00964355,28.21619412,24.47526136,0,0,0,0
20211015,20211107,23,4,24.926788,4.4277406,81.4514,24.813171,24.66867,32.31129761,27.49679565,27.186489,25.09972018,0,0,0,0
20211015,20211108,24,4,24.756561,4.221695,85.003654,24.532837,24.866608,30.50455627,28.68063354,27.16895312,25.79644518,0,0,0,0
20211015,20211109,25,4,25.886383,3.862257,85.447495,24.569183,23.29129,30.70879517,29.55285645,27.29484913,26.58706927,0,0,0,0
20211015,20211110,26,4,26.135406,4.1318955,85.00035,26.28601,23.337433,30.47737122,30.86642456,26.92184825,27.47243709,0,0,0,0
20211015,20211111,27,4,27.395966,3.8574116,83.89262,26.250946,22.871521,29.84162598,31.76419067,26.32362738,27.67608909,0,0,0,0
20211015,20211112,28,4,26.950073,4.2700496,83.47537,26.48639,21.201202,30.10089111,33.84359741,26.70909138,28.01749773,0,0,0,0
20211015,20211113,29,5,28.587921,3.7259781,78.503784,28.90567,21.803802,29.85751343,30.99169922,26.62516,27.14295827,0,0,0,0
20211015,20211114,30,5,30.329956,4.187303,68.83292,32.539337,24.344208,31.11983337,32.62368774,26.59750375,28.76029975,1,1,0,0
20211015,20211115,31,5,28.056122,3.843431,63.75635,30.333527,25.776825,30.093927,30.92581177,26.3094215,28.09907138,1,1,0,0
20211015,20211116,32,5,30.326721,3.313148,55.63616,33.143097,27.161194,32.85397949,33.84396362,28.61454388,27.32657625,1,1,0,0
20211015,20211117,33,5,27.542023,3.8657887,78.50116,29.137268,29.047028,31.40658569,30.40292358,27.80569438,27.47973625,0,0,0,0
20211015,20211118,34,5,25.774841,4.064527,82.225334,24.151276,29.14801,31.21523438,32.42886353,28.33895462,28.4647365,0,0,0,0
20211015,20211119,35,5,26.61673,2.339878,77.17296,26.456818,24.445892,31.21745605,30.48513794,28.17867688,27.13125988,0,0,0,0
20211015,20211120,36,6,28.064636,2.3218427,78.0209,27.978333,23.307037,30.502005,30.51504517,28.6385575,25.60397338,0,0,0,0
20211015,20211121,37,6,25.440277,2.4762218,84.32151,24.45932,23.014496,29.38522949,30.41207886,27.1441345,26.52687462,0,0,0,0
20211015,20211122,38,6,24.242188,4.159621,89.80279,22.455353,24.613495,31.8216217,32.47793579,27.51642613,28.77042763,0,0,0,0
20211015,20211123,39,6,24.294586,5.3070474,86.75611,23.354279,28.295044,32.28057861,30.41775513,28.1129265,28.22220238,0,0,0,0
20211015,20211124,40,6,26.54123,5.0151854,81.34878,26.720306,25.612396,31.33323975,26.79980469,27.896038,26.09531388,0,0,0,0
20211015,20211125,41,6,27.30246,4.8809624,80.39501,27.36435,27.098602,29.71567383,29.0345459,27.71562575,26.60503763,0,0,0,0
20211015,20211126,42,6,27.395905,4.8149376,79.82163,27.815002,29.966827,28.50792236,29.98764038,27.02611538,27.40629575,0,0,0,0
20211015,20211127,43,7,28.339233,4.2084904,76.25597,29.029083,30.534119,31.32160034,29.71011353,28.79787838,27.59073662,0,0,1,0
20211015,20211128,44,7,28.09665,4.076531,73.7505,29.846863,26.96988,31.45725708,30.43435669,27.96411125,27.4193805,0,0,0,0
20211015,20211129,45,7,29.790497,2.566586,66.733665,30.77414,31.250702,32.74563293,30.60830688,29.16739638,28.06380088,0,0,1,0
20211015,20211130,46,7,30.467285,3.0170805,66.972984,31.700989,27.4039,31.71116028,30.54122925,30.14960863,27.89451225,0,0,0,0
20220915,20221101,47,7,26.28125,4.6286135,81.09095,25.23288,24.458496,33.41830444,29.93807983,28.47231236,26.20187118,0,0,0,0
20220915,20221102,48,7,25.403961,5.0085707,78.73803,25.029816,21.155853,31.44448853,29.56668091,27.38147255,25.98157818,0,0,0,0
20220915,20221103,49,7,23.89975,5.033975,83.060486,23.86145,20.62033,31.84182739,31.04577637,26.85572955,27.94621118,0,0,0,0
20220915,20221104,50,8,24.333008,4.169124,80.1771,23.30362,21.928375,31.14221191,31.09802246,27.26936764,26.66333291,0,0,0,0
20220915,20221105,51,8,25.043915,4.051118,77.341805,24.273468,23.454346,30.55636597,29.25061035,27.501759,25.876032,0,0,0,0
20220915,20221106,52,8,25.815308,4.1599903,72.70848,26.860107,23.70398,29.30450439,26.00964355,27.69604464,24.47526136,0,0,0,0
20220915,20221107,53,8,27.48114,3.510325,66.2915,30.12085,21.6279,30.82644653,27.49679565,27.43131055,25.09972018,0,0,0,0
20220915,20221108,54,8,28.849121,3.3138697,63.993523,31.517548,21.606384,31.51754761,28.68063354,26.960616,25.79644518,1,0,0,0
20220915,20221109,55,8,30.620575,3.734354,64.21295,34.159637,25.771545,30.35250854,29.55285645,27.06216145,26.58706927,1,0,0,0
20220915,20221110,56,8,24.149536,3.9309754,89.71422,25.257812,26.011871,30.67996216,30.86642456,26.78338609,27.47243709,0,0,0,0
20220915,20221111,57,9,25.055145,3.2301536,82.735565,23.997528,26.725433,30.06637573,31.76419067,26.65807809,27.67608909,0,0,0,0
20220915,20221112,58,9,24.860504,3.065987,76.24838,26.092438,27.577484,30.17718506,33.84359741,27.58699736,28.01749773,0,0,0,0
20220915,20221113,59,9,25.931915,3.693176,79.24788,27.491089,27.25821,28.76901245,30.99169922,26.02601209,27.14295827,0,0,0,0
20221015,20221101,17,3,27.835724,2.2162359,71.32641,29.401886,24.458496,33.47324219,29.93807983,29.9500465,26.20187118,0,0,0,0
20221015,20221102,18,3,26.447906,2.9527173,82.92676,26.80008,21.155853,31.72999268,29.56668091,28.44996638,25.98157818,0,0,0,0
20221015,20221103,19,3,25.344086,2.3435795,83.37466,25.329315,20.62033,29.47561035,31.04577637,26.47648625,27.94621118,0,0,0,0
20221015,20221104,20,3,27.670868,2.2885947,78.4351,28.466827,21.928375,28.64291992,31.09802246,25.7095105,26.66333291,0,0,0,0
20221015,20221105,21,3,27.537262,2.8406088,83.495285,25.921143,23.454346,29.1122406,29.25061035,25.87327588,25.876032,0,0,0,0
20221015,20221106,22,4,22.895264,4.1723695,87.8588,21.76886,23.70398,34.33540955,26.00964355,28.21619412,24.47526136,0,0,0,0
20221015,20221107,23,4,24.55661,2.7303956,85.70713,24.796326,21.6279,32.31129761,27.49679565,27.186489,25.09972018,0,0,0,0
20221015,20221108,24,4,27.799774,3.3695407,82.29865,26.841156,21.606384,30.50455627,28.68063354,27.16895312,25.79644518,0,0,0,0
20221015,20221109,25,4,27.08316,4.554321,83.04284,26.726501,25.771545,30.70879517,29.55285645,27.29484913,26.58706927,0,0,0,0
20221015,20221110,26,4,26.856873,4.809157,80.93697,25.771454,26.011871,30.47737122,30.86642456,26.92184825,27.47243709,0,0,0,0
20221015,20221111,27,4,25.959778,3.8128448,79.261604,24.976685,26.725433,29.84162598,31.76419067,26.32362738,27.67608909,0,0,0,0
20221015,20221112,28,4,27.08078,2.8919983,81.067604,26.200409,27.577484,30.10089111,33.84359741,26.70909138,28.01749773,0,0,0,0
20221015,20221113,29,5,27.026062,4.75272,84.92955,25.014496,27.25821,29.85751343,30.99169922,26.62516,27.14295827,0,0,0,0
20221015,20221114,30,5,25.372406,4.53834,85.08196,22.951569,30.386078,31.11983337,32.62368774,26.59750375,28.76029975,0,0,0,0
20221015,20221115,31,5,23.285583,4.1005063,84.49362,21.454468,30.87387,30.093927,30.92581177,26.3094215,28.09907138,0,0,0,0
20221015,20221116,32,5,25.478455,2.710709,77.55971,25.978912,25.798584,32.85397949,33.84396362,28.61454388,27.32657625,0,0,0,0
20221015,20221117,33,5,27.142487,2.498262,80.50692,26.59906,26.42041,31.40658569,30.40292358,27.80569438,27.47973625,0,0,0,0
20221015,20221118,34,5,27.876373,2.1053038,83.67625,28.976532,25.277252,31.21523438,32.42886353,28.33895462,28.4647365,0,0,0,0
20221015,20221119,35,5,27.769531,3.0042536,76.07207,29.039337,25.632904,31.21745605,30.48513794,28.17867688,27.13125988,0,0,0,0
20221015,20221120,36,6,28.601532,3.2251363,73.722336,30.113983,27.724152,30.502005,30.51504517,28.6385575,25.60397338,0,0,0,0
20221015,20221121,37,6,29.04425,3.8183417,75.70585,28.480255,29.187775,29.38522949,30.41207886,27.1441345,26.52687462,0,0,0,0
20221015,20221122,38,6,28.58902,2.1661983,80.53104,27.427673,29.894257,31.8216217,32.47793579,27.51642613,28.77042763,0,0,0,0
20221015,20221123,39,6,31.05664,2.6991982,74.062996,33.0195,30.163177,32.28057861,30.41775513,28.1129265,28.22220238,1,0,0,0
20221015,20221124,40,6,30.726685,2.6658304,70.72076,30.606842,25.64981,31.33323975,26.79980469,27.896038,26.09531388,0,0,0,0
20221015,20221125,41,6,28.507904,3.31911,84.13459,26.524414,25.696045,29.71567383,29.0345459,27.71562575,26.60503763,0,0,0,0
20221015,20221126,42,6,25.535095,4.9039407,90.296364,23.958527,25.700836,28.50792236,29.98764038,27.02611538,27.40629575,0,0,0,0
20221015,20221127,43,7,25.509827,3.7390656,88.26529,23.631561,26.333649,31.32160034,29.71011353,28.79787838,27.59073662,0,0,0,0
20221015,20221128,44,7,24.41745,4.081016,84.25773,23.166718,26.492859,31.45725708,30.43435669,27.96411125,27.4193805,0,0,0,0
20221015,20221129,45,7,24.734406,3.823062,86.32456,23.647797,27.7641,32.74563293,30.60830688,29.16739638,28.06380088,0,0,0,0
20221015,20221130,46,7,29.0849,3.102439,81.92436,28.446777,27.853058,31.71116028,30.54122925,30.14960863,27.89451225,0,0,0,0
20230915,20231101,47,7,32.64386,2.5684202,46.551525,35.859528,25.777863,33.41830444,29.93807983,28.47231236,26.20187118,1,1,0,0
20230915,20231102,48,7,31.158447,3.5777812,62.57109,31.444489,25.176758,31.44448853,29.56668091,27.38147255,25.98157818,1,1,0,0
20230915,20231103,49,7,29.677795,2.063774,67.34811,31.841827,31.010162,31.84182739,31.04577637,26.85572955,27.94621118,0,1,0,0
20230915,20231104,50,8,29.695526,2.9193387,63.008186,31.481354,25.763885,31.14221191,31.09802246,27.26936764,26.66333291,1,1,0,0
20230915,20231105,51,8,28.864746,2.718624,78.17019,30.291046,25.145905,30.55636597,29.25061035,27.501759,25.876032,0,0,0,0
20230915,20231106,52,8,30.719635,3.2427614,67.794395,32.204437,24.528473,29.30450439,26.00964355,27.69604464,24.47526136,1,0,0,0
20230915,20231107,53,8,30.180817,2.4397585,70.63293,30.826447,24.93695,30.82644653,27.49679565,27.43131055,25.09972018,1,0,0,0
20230915,20231108,54,8,28.326843,3.807144,71.62271,29.445465,28.680634,31.51754761,28.68063354,26.960616,25.79644518,0,0,1,0
20230915,20231109,55,8,29.361969,4.1339116,66.37117,30.352509,32.989594,30.35250854,29.55285645,27.06216145,26.58706927,1,0,1,0
20230915,20231110,56,8,30.913208,3.7041922,61.201836,31.380035,28.8013,30.67996216,30.86642456,26.78338609,27.47243709,1,0,0,0
20230915,20231111,57,9,28.527985,2.4226398,61.11572,29.339783,31.76419,30.06637573,31.76419067,26.65807809,27.67608909,0,0,0,1
20230915,20231112,58,9,30.31491,1.957988,74.810165,29.64743,33.843597,30.17718506,33.84359741,27.58699736,28.01749773,0,0,0,1
20230915,20231113,59,9,28.405823,3.4809508,75.290405,28.769012,32.947968,28.76901245,30.99169922,26.02601209,27.14295827,0,0,1,1
20231015,20231101,17,3,27.516357,4.2472897,88.26935,28.191833,25.777863,33.47324219,29.93807983,29.9500465,26.20187118,0,0,0,0
20231015,20231102,18,3,28.674591,4.04574,84.62925,29.601654,25.176758,31.72999268,29.56668091,28.44996638,25.98157818,0,0,0,0
20231015,20231103,19,3,28.369171,2.6237907,90.01248,28.151276,31.010162,29.47561035,31.04577637,26.47648625,27.94621118,0,0,0,0
20231015,20231104,20,3,26.16156,5.112027,88.674576,26.577667,25.763885,28.64291992,31.09802246,25.7095105,26.66333291,0,0,0,0
20231015,20231105,21,3,27.597595,2.4115295,92.42391,27.549896,25.145905,29.1122406,29.25061035,25.87327588,25.876032,0,0,0,0
20231015,20231106,22,4,31.334381,2.81411,89.4195,32.387848,24.528473,34.33540955,26.00964355,28.21619412,24.47526136,0,0,0,0
20231015,20231107,23,4,32.282257,2.7505271,68.94432,33.57193,24.93695,32.31129761,27.49679565,27.186489,25.09972018,1,0,0,0
20231015,20231108,24,4,31.901978,3.3987277,81.2071,29.490509,28.680634,30.50455627,28.68063354,27.16895312,25.79644518,0,0,1,0
20231015,20231109,25,4,31.41275,3.4868262,83.287186,32.72061,32.989594,30.70879517,29.55285645,27.29484913,26.58706927,1,0,1,0
20231015,20231110,26,4,29.965912,3.7400293,92.6171,26.233246,28.8013,30.47737122,30.86642456,26.92184825,27.47243709,0,0,0,0
20231015,20231111,27,4,30.040771,2.943182,89.21472,29.77774,31.76419,29.84162598,31.76419067,26.32362738,27.67608909,0,0,0,1
20231015,20231112,28,4,31.990997,4.3571825,76.01009,32.73294,33.843597,30.10089111,33.84359741,26.70909138,28.01749773,1,0,0,1
20231015,20231113,29,5,32.026154,4.4809303,77.16715,31.877533,32.947968,29.85751343,30.99169922,26.62516,27.14295827,1,0,1,1
20231015,20231114,30,5,31.673584,4.578165,84.61918,30.511475,34.482666,31.11983337,32.62368774,26.59750375,28.76029975,0,0,1,1
20231015,20231115,31,5,31.276337,4.2274394,82.87191,29.991241,32.017853,30.093927,30.92581177,26.3094215,28.09907138,0,0,1,1
20231015,20231116,32,5,32.89081,3.6098015,81.81881,32.730072,36.0213,32.85397949,33.84396362,28.61454388,27.32657625,0,0,1,1
20231015,20231117,33,5,30.099457,3.3397899,79.48692,31.002838,34.799896,31.40658569,30.40292358,27.80569438,27.47973625,0,0,1,1
20231015,20231118,34,5,30.214417,3.2599266,71.160324,30.841461,37.46353,31.21523438,32.42886353,28.33895462,28.4647365,0,0,1,1
20231015,20231119,35,5,27.178375,2.1136494,94.07845,25.982727,30.485138,31.21745605,30.48513794,28.17867688,27.13125988,0,0,1,1
20231015,20231120,36,6,28.056183,4.2696023,99.19714,25.536499,24.916779,30.502005,30.51504517,28.6385575,25.60397338,0,0,0,0
20231015,20231121,37,6,27.162079,5.181868,97.76151,24.630981,29.229218,29.38522949,30.41207886,27.1441345,26.52687462,0,0,0,0
20231015,20231122,38,6,25.63675,4.406476,101.88716,24.534302,33.2482,31.8216217,32.47793579,27.51642613,28.77042763,0,0,1,0
20231015,20231123,39,6,28.747528,2.2624898,93.891365,28.88971,31.711853,32.28057861,30.41775513,28.1129265,28.22220238,0,0,1,0
20231015,20231124,40,6,29.787048,2.5578024,81.89704,31.37558,25.95166,31.33323975,26.79980469,27.896038,26.09531388,1,0,0,0
20231015,20231125,41,6,31.383545,2.1322324,78.20404,32.70755,25.179657,29.71567383,29.0345459,27.71562575,26.60503763,1,0,0,0
20231015,20231126,42,6,27.87442,3.8199797,98.63009,27.026428,25.630402,28.50792236,29.98764038,27.02611538,27.40629575,0,0,0,0
20231015,20231127,43,7,29.869354,1.9506544,93.43581,30.203278,27.77002,31.32160034,29.71011353,28.79787838,27.59073662,0,0,0,0
20231015,20231128,44,7,32.443176,2.3698401,93.52522,30.922516,30.238678,31.45725708,30.43435669,27.96411125,27.4193805,0,0,0,0
20231015,20231129,45,7,29.722076,1.6612809,93.819885,29.134338,28.850098,32.74563293,30.60830688,29.16739638,28.06380088,0,0,0,0
20231015,20231130,46,7,28.830994,2.577009,99.52346,27.957916,30.54123,31.71116028,30.54122925,30.14960863,27.89451225,0,0,1,0
